r [kpc],mass_cum [solMass],v_circ,v_rot,v_dm,v_baryon,v_ring,v_bulge
0.0,-0.12060645329065088,0.0,0.0,0.0,0.0,0.0,0.0
0.1,5784886375.221909,390.6118230250172,391.0578431391796,21.191970057557683,390.036532509465,0.0,390.0920735704585
0.2,11852575599.798502,415.7177547384279,416.53683772503837,29.88045253490512,414.6425088688677,0.0,414.8269594634949
0.3,17172995248.692282,419.9506294137888,421.1385362270513,36.48706740679667,418.3625521686773,0.0,418.7416941934323
0.4,21834591445.608498,417.6757577172943,419.2302814660318,42.00681546361071,415.55801765736885,0.0,416.19522960962274
0.5,25958532622.091988,412.8035305462983,414.7215990246261,46.82647055754653,410.1390453085537,0.0,411.09616430126954
0.6,29645286707.554363,406.8142901287121,409.091408931304,51.14508344367705,403.5864803142782,0.0,404.9237151177517
0.7000000000000001,32973794596.92876,400.36754885965223,402.9977140388147,55.08131120993654,396.56049139479364,0.0,398.3362014173458
0.8,36006085162.64516,393.7859716237288,396.7617026757454,58.71273678215567,389.3843936102132,0.0,391.65459911905117
0.9,38791491129.730156,387.23603150432626,390.5484349851575,62.093440178627475,382.2252592150377,0.0,385.0430416246544
1.0,41369825550.105965,380.80589547163464,384.44472879914616,65.26293726756973,375.1717993735174,0.0,378.58659786302337
1.1,43773689938.27054,374.5424616240984,378.49618667303554,68.2511666090112,368.2714132483652,0.0,372.32823064207753
1.2,46030149559.28566,368.47005087851835,372.7258768073909,71.0814716577943,361.548894039769,0.0,366.28742420714724
1.3000000000000003,48161961021.94746,362.60070184175356,367.14461414287206,73.77248376443896,355.0167455421756,0.0,360.4704298040949
1.4000000000000001,50188483830.31012,356.93985691534306,361.756634815497,76.33936432231457,348.6808897969754,0.0,354.8759093033655
1.5000000000000002,52126365109.78571,351.48966043931625,356.56288396869047,78.79465425016912,342.5439882078536,0.0,349.4982083569776
1.6,53990061369.650444,346.2509328160661,351.5629809068243,81.14887277575416,336.60744038600865,0.0,344.3293129806105
1.7,55792239582.99932,341.22434317610697,346.7563849067086,83.41095051453209,330.87258228845116,0.0,339.36002252414
1.8000000000000003,57544088536.08391,336.4111037120855,342.1430850063033,85.5885497295267,325.3414066115468,0.0,334.5806625484345
1.9000000000000001,59255562549.39396,331.813363515354,337.7239919419378,87.6883057859117,320.0169827302434,0.0,329.9815151774797
2.0,60935573277.86107,327.4343923256073,333.5011232397568,89.71601231309386,314.90366528873005,0.0,325.55306152664446
2.1,62592141161.60271,323.2786438816356,329.47767102330124,91.67676535406811,310.00718102031846,0.0,321.2861284451627
2.2,64232515771.8575,319.3517813237922,325.6580343333381,93.57507710572249,305.3346773285623,0.0,317.17202277661073
2.3000000000000003,65863270128.74917,315.66050622728795,322.04766114779136,95.41496675582236,300.89456510653855,0.0,313.2024996663455
2.4,67490378105.23389,312.21239694381035,318.65290242229156,97.20003382447132,296.6963670655928,0.0,309.369759600477
2.5000000000000004,69119271622.97597,309.0158453693628,315.48096527918227,98.93351796916251,292.7506647500349,0.0,305.6665847844513
2.6,70754888789.11786,306.07959854205353,312.5394815778229,100.61834819432316,289.06862273569334,0.0,302.0860962090587
2.7,72401710065.55994,303.41271691612366,309.8364869000357,102.25718367875432,285.66194211429934,0.0,298.62195870411824
2.8000000000000003,74063786512.20209,301.0241187052475,307.37999542423245,103.85244790727333,282.5423669220919,0.0,295.2681881020261
2.9000000000000004,75744761428.61667,298.92236436407813,305.17781041234707,105.4063574054403,279.72143238501997,0.0,292.01921634303824
3.0000000000000004,77447886743.73244,297.11531208630237,303.2372075179324,106.92094608818657,277.2100646869589,0.0,288.8698342847137
3.1,79176035332.59361,295.60980936925,301.564651158357,108.39808601647329,275.0182072941528,0.0,285.8151708697544
3.2,80931710244.31047,294.4113689967269,300.1654918590811,109.83950519125558,273.1544202349049,0.0,282.850646383203
3.3000000000000003,82717051708.00006,293.52397578768574,299.0437866533303,111.2468028876035,271.6256122119131,0.0,279.9720414860826
3.4,84533842564.65804,292.9496387604604,298.201863305124,112.62146293376102,270.43649335203213,0.0,277.1752710778927
3.5000000000000004,86383512850.86147,292.6885017601082,297.6404252383854,113.96486526334695,269.5896298971532,0.0,274.45670247517074
3.6,88267144136.51581,292.7382507090814,297.357957916389,115.27829600860852,269.084741108753,0.0,271.81268398132147
3.7,90185473784.06462,293.0944627133663,297.3510528070251,116.56295635473371,268.9190236466756,0.0,269.24001663695253
3.8000000000000003,92138900003.62466,293.75019621422956,297.61397803540854,117.81997033698688,269.0866632995584,35.49330505281018,266.735557551141
3.9000000000000004,94127487714.26495,294.6961136341889,298.1387662497875,119.05039173169324,269.57893764095365,53.106071093010115,264.2963276942934
4.0,96150975445.94958,295.92071438370056,298.9154076735327,120.2552101671369,270.38445522813885,67.12547486077585,261.91969046586166
4.1,98208783885.43974,297.41009191619827,299.93156969554803,121.43535656022462,271.48888918460847,79.45143775926051,259.6029390986916
4.2,100300025904.8963,299.14842926252277,301.1730453237197,122.5917079681211,272.8755318230154,90.74854696575257,257.34365562666994
4.3,102423518300.0656,301.11811167091275,302.6238246374785,123.72509193041289,274.52544290660416,101.33114498721791,255.13960464546972
4.3999999999999995,104577795339.41382,303.29975592397676,304.26608479728526,124.83629036607745,276.41751491390755,111.37086817213807,252.9884824923153
4.5,106761124150.15915,305.67277770752617,306.080719072373,125.9260430801065,278.52913439283486,120.9692252284462,250.88827245060963
4.6,108971522073.67406,308.2155302658257,308.04744534780207,126.9950509268284,280.83637609315565,130.1889925737115,248.8370879707815
4.7,111206774725.97202,310.9054163872968,310.1448921855616,128.04397867038222,283.3141674276404,139.06977237553608,246.83297161569328
4.8,113464458097.72363,313.7194102295369,312.3511006478311,129.0734575772549,285.93690021370276,147.63653506108028,244.8741807928705
4.9,115741959368.756,316.6342693837633,314.643723233717,130.08408777114408,288.6786979618325,155.90461020520615,242.95913889726725
4.999999999999999,118036500959.5218,319.6266117204342,317.00009153445103,131.07644037641737,291.5135291854097,163.88282545598705,241.0862028791677
5.1,120345164827.50697,322.67326336041714,319.39756085659207,132.0510594730602,294.41561198364366,171.5755498947201,239.25380510668552
5.2,122664918002.79622,325.75159381649684,321.81384764754455,133.0084638831481,297.3597979038747,178.98408957868207,237.46061797090385
5.3,124992638743.79347,328.839510874646,324.22702699804455,133.94914880636193,300.321576724563,186.10767011319288,235.70529177633358
5.4,127325143111.26494,331.9156235720304,326.6157016198773,134.8735873199792,303.27726029930056,192.94414916798235,233.9864353258391
5.5,129659211652.14438,334.95954890480857,328.95931939284526,135.78223175691858,306.2043189467179,199.49054559473686,232.30283502346143
5.6,131991615938.80252,337.9519900798485,331.23826143882116,136.67551497382362,309.0814637042638,205.74344065396505,230.65339328403232
5.7,134319144691.382,340.87473273210054,333.4338469264795,137.55385151982333,311.8886361303396,211.69928732338352,229.03696883694317
5.8,136638629204.36508,343.7107535814304,335.5284524406051,138.41763871537728,314.60711915017765,217.35465164517876,227.45240123634014
5.8999999999999995,138946967812.49887,346.4444216521802,337.5057270062012,139.26725764959255,317.21974755786505,222.70640256508403,225.89870848943426
6.0,141241149193.4272,349.0614736129036,339.35057656797375,140.10307410348645,319.7108709249105,227.75186232183773,224.37497676100048
6.1000000000000005,143518274260.36182,351.5489839760823,341.04914216090515,140.92543940584957,322.0663109716445,232.48892519190855,222.8802555768347
6.2,145775576415.79523,353.8954000036189,342.5888438717751,141.7346912276928,324.27338997566847,236.916150288922,221.41357044812966
6.3,148010439968.97067,356.0906524260561,343.95850317186887,142.53115432062208,326.32104252292,241.0328326641785,219.97408113486338
6.4,150220416521.22284,358.12612085402225,345.1483155746867,143.31514120394252,328.1997695606195,244.83905566056896,218.5610339536409
6.5,152403239146.64914,359.99455076408526,346.14977224135276,144.08695280482024,329.90154078339356,248.33572671262843,217.17364814674872
6.6,154556834227.03076,361.69003145272626,346.9556438822195,144.84687905540355,331.4197647699717,251.52459838306945,215.81111391311384
6.7,156679330986.94693,363.2080095632555,347.56000157762014,145.59519945041023,332.74929918468223,254.4082776008308,214.47266584829828
6.8,158769070432.78912,364.54531302436334,347.9582489894182,146.3321835683713,333.88647367053295,256.99024006017703,213.1576735985737
6.9,160824610816.26297,365.7000242307201,348.14699712887546,147.05809155941225,334.82894950892876,259.2748218875091,211.8655048950943
7.000000000000001,162844729287.73917,366.6714085761483,348.12399607066607,147.77317460218572,335.5756408549473,261.26718941583164,210.5955043916194
7.1,164828421775.23245,367.4598557130397,347.888079716544,148.4776753323246,336.12665096441964,262.9733073244348,209.34699692951207
7.2,166774901326.12473,368.0668707265709,347.4391633647914,149.17182824458513,336.4832640483301,264.3999064125124,208.11938034136307
7.3,168683599247.31097,368.4950416410272,346.778217138697,149.85586007064532,336.6479123899472,265.55448170662515,206.91214116632997
7.4,170554157699.37143,368.74789678121374,345.9071227842382,150.5299901343473,336.6240238763745,266.4452273505364,205.7247536706338
7.5,172386419243.72897,368.8298107612952,344.8285811133992,151.19443068603442,336.41592327911405,267.0809625287658,204.5566740305648
7.6,174180418570.5487,368.7459356018017,343.546045957768,151.8493872174795,336.02876160311644,267.4710862288028,203.40734169667618
7.7,175936380019.0734,368.50219840004945,342.06372989499346,152.49505875877233,335.4685190592822,267.6255706559076,202.2762497450647
7.8,177654700873.97763,368.10520934739293,340.3865147682352,153.13163815843285,334.7419103482603,267.5548574923616,201.16298062974926
7.8999999999999995,179335935055.95795,367.56211540033365,338.5198029038392,153.75931234790878,333.85623035053044,267.26977676670026,200.06711116758956
8.0,180980787138.95084,366.88055004600693,336.4694712234528,154.37826259150975,332.8193053915104,266.7815297672899,198.98820421399876
8.1,182590100243.3138,366.0685501056737,334.2417897456545,154.9886647227651,331.63940836988064,266.1016186570316,197.925808655749
8.2,184164832892.82434,365.1344558959189,331.8433212837518,155.5906893681015,330.32515536114977,265.2417404191847,196.8794743079369
8.3,185706051158.66748,364.08690201412185,329.28092014040703,156.18450215867534,328.8855021184234,264.21376301295555,195.8488216411354
8.4,187214917884.5765,362.93470674599234,326.56161968739866,156.77026393111765,327.32962852110893,263.0296510281788,194.83348887642916
8.5,188692668930.30704,361.6867706025387,323.6925282617317,157.34813091790858,325.66683240012964,261.70138308501777,193.83310299565164
8.6,190140606586.1594,360.3520302912789,320.680785330025,157.91825492803244,323.90648418259815,260.2409214656574,192.84727970660427
8.7,191560085869.668,358.93936400057845,317.53346230746524,158.48078351851706,322.0579269083385,258.6601117530555,191.87562344496385
8.8,192952496279.04776,357.45757507201466,314.257550001458,159.03586015742528,320.13046271848737,256.9706673211312,190.91775532119942
8.9,194319256031.87656,355.9153556814606,310.85992352967804,159.5836243788134,318.1333167714164,255.1840872013817,189.97338992390488
9.0,195661795568.01306,354.32117864053834,307.3472237721291,160.12421193014282,316.07552006912994,253.31158535437328,189.0422574775943
9.1,196981549591.45032,352.6832961932928,303.7258586470941,160.6577549125969,313.9659108887617,251.3641257443905,188.12408003487513
9.2,198279945290.71182,351.00959937112896,300.0018415068454,161.18438191471392,311.81297900737246,249.35224156821872,187.2185714675678
9.3,199558394381.20834,349.3076784897267,296.18085920279333,161.70421813973257,309.6249345380634,247.28613273364394,186.32543746182023
9.4,200818285402.18732,347.5847364200739,292.268167848596,162.2173855270051,307.40961082079923,245.17554971609525,185.44438154445598
9.5,202060972719.92004,345.8475727089616,288.2685676984555,162.72400286782315,305.1744459147148,243.02974110611885,184.57515373756573
9.6,203287778512.8102,344.1026429532984,284.1864667437472,163.22418591596434,302.9265488852304,240.8575608951445,183.71752605333452
9.700000000000001,204499974502.14197,342.3558654728179,280.0256377991819,163.71804749325577,300.6724788680172,238.6672165541988,182.87126425687944
9.8,205698793007.799,340.6128051919596,275.7894255768599,164.2056975904323,298.41845107093377,236.46653079940327,182.03612759908444
9.9,206885407590.94366,338.87847464863734,271.4804865313221,164.68724346354307,296.17010723664674,234.26265391982193,181.2118688138517
9.999999999999998,208060943056.57556,337.1574889475424,267.10095641547514,165.16278972614515,293.9326882864329,232.06228123156026,180.39823411800228
10.1,209226465482.1345,335.45397512763043,262.6523126889746,165.63243843751502,291.7109267171383,229.87150543787482,179.59497697290078
10.200000000000001,210382982262.571,333.7716369321231,258.1354251343877,166.09628918708202,289.5091161580758,227.69586941099405,178.8018998551239
10.3,211531446610.44916,332.11377057829066,253.55054258165396,166.55443917528694,287.3311250086477,225.54041172291073,178.0188138332436
10.4,212672745632.30484,330.4831893419182,248.89715388051934,167.00698329104685,285.1803043157612,223.40955633850362,177.24552492591496
10.5,213807718063.13864,328.88236548543364,244.17412562706485,167.45401418600386,283.05964647100075,221.30731052881063,176.48183409856247
10.6,214937133052.1094,327.31329299342207,239.37946525258,167.8956223457191,280.9716209287718,219.237050735435,175.72753726200605
10.7,216061716912.50427,325.7776848036944,234.5105213762704,168.3318961579649,278.9183978369289,217.20180362404486,174.98242527288625
10.8,217182126684.312,324.2768133370685,229.56369330448567,168.76292197826308,276.9016573323509,215.20399245001985,174.24628967921953
10.9,218298981544.85056,322.81174346891913,224.53466775125779,169.18878419280307,274.922856497608,213.24574159883642,173.51896355951027
11.0,219412834548.62204,321.3831629756398,219.4180831651282,169.60956527886674,272.98302659715034,211.32862962306484,172.80029835558145
11.100000000000001,220524205446.90707,319.99156872737456,214.20767749285278,170.02534586288377,271.0829869630568,209.45397799596964,172.09014185152117
11.200000000000001,221633552913.20633,318.63713237907996,208.89595310924116,170.4362047762305,269.2231829398021,207.62263802607617,171.38833802604861
11.3,222741306427.93176,317.319869478092,203.47425759629346,170.84221910887635,267.40388130232526,205.83523967663686,170.69472705039695
11.4,223847840838.93576,316.0395383642837,197.9324263028393,171.24346426098424,265.6250473080551,204.09202893799244,170.0091452874821
11.5,224953505065.20712,314.7957697447076,192.25872839839514,171.64001399255852,263.88649500457063,202.39305979761897,169.33142529239723
11.6,226058601157.89975,313.58801069821203,186.43946380310086,172.0319404712282,262.18781800717926,200.7380936254039,168.66140542223735
11.700000000000001,227163407136.46674,312.41562233522023,180.45872184986013,172.41931431825446,260.52850348690436,199.12672303334656,167.99895625606374
11.799999999999999,228268163200.50687,311.2778460545945,174.2978125214485,172.80220465284376,258.9078900140059,197.55833742641613,167.34395365478505
11.9,229373085841.16135,310.17383746318336,167.9346451288084,173.18067913483884,257.32520634604236,196.03217903209728,166.69627051905223
12.0,230478363621.28903,309.102681611958,161.3428453321309,173.55480400586336,255.77958829075834,194.5473638519213,166.05577678737347
12.1,231584160626.3036,308.0633991957295,154.49051442140458,173.9246441289888,254.27008492670157,193.10288890752943,165.42233943515117
12.200000000000001,232690622639.4191,307.0549768387257,147.33852135584584,174.29026302698725,252.79569421850124,191.69767841666527,164.7958224745845
12.3,233797870383.32928,306.0763650202088,139.83793133248975,174.651722919231,251.3553598102262,190.33057919669258,164.1760869553779
12.4,234906013900.48007,305.1264993684688,131.92617618739285,175.00908475730003,249.94799632977325,189.0003910462689,163.56299414484252
12.5,236015139577.5463,304.20432956348094,123.5210257109212,175.36240825935175,248.5725244162101,187.7058886484068,162.95643362984862
12.6,237125326829.5894,303.30880432655033,114.51043428521531,175.71175194330257,247.22785241759655,186.44580853287206,162.3563102917177
12.700000000000001,238236636344.1226,302.43889589030954,104.73460949441585,176.05717315887688,245.91290638487183,185.21890393960197,161.76252702671047
12.8,239349121243.85193,301.5935766040676,93.95098092930498,176.39872811856668,244.62660151133514,184.02390747983938,161.1749845442434
12.899999999999999,240462823158.60703,300.7718497835218,81.75732671038573,176.73647192754763,243.36788019951308,182.85958202144298,160.5935813653451
13.0,241577773676.12616,299.97274490993493,67.38739353206952,177.0704586125969,242.1357065274048,181.72471384164757,160.01821382172972
13.1,242693999506.42435,299.1953039051067,48.95412195584248,177.40074115004995,240.92904955252303,180.618090823428,159.44877605545307
13.200000000000001,243811516956.5178,298.43861440031696,15.80982580132158,177.72737149283924,239.7469248758519,179.53855829076483,158.88516001911887
13.3,244930339809.2044,297.70177296291916,0.0,178.05040059664634,238.58834940675382,178.48495640006504,158.3272585864674
13.4,246050472806.37994,296.98397132662177,0.0,178.36987844521033,237.45244932064315,177.45624744860723,157.77498512068155
13.5,247171916683.88885,296.2844380714014,0.0,178.68585407481856,236.3383883266507,176.4514315224258,157.22826116994815
13.6,248294671301.32843,295.60237678203646,0.0,178.9983755980154,235.2452904788124,175.46945216721133,156.68700663615843
13.700000000000001,249418735187.79144,294.93695936942595,0.0,179.3074902265602,234.17223138266087,174.5091846054808,156.15113973027755
13.8,250544105034.92593,294.2873833808613,0.0,179.6132442936625,233.11831007335988,173.56953221843793,155.62057697146543
13.9,251670766317.99802,293.65306437559366,0.0,179.91568327552005,232.08289279625788,172.64975462324696,155.09523318661974
14.000000000000002,252798700472.14792,293.0334949802152,0.0,180.2148518121909,231.0654374124999,171.74923316193806,154.57502151032077
14.1,253927889121.4683,292.4281611673901,0.0,180.5107937278215,230.0653880780266,170.86732972232463,154.05985338515475
14.200000000000001,255058314089.15884,291.83654234259586,0.0,180.80355205025475,229.08217523956893,170.00338669217726,153.5496386374212
14.3,256189957400.39526,291.25811615496724,0.0,181.09316903004276,228.11522166834183,169.15672716153466,153.04429428369704
14.4,257322801284.91135,290.6923630644858,0.0,181.3796861588873,227.16394826846619,168.32665513573448,152.54375294889627
14.5,258456828179.30484,290.1387586009335,0.0,181.66314418752486,226.22776418113077,167.51245575636707,152.04794787455856
14.6,259592020729.08847,289.59677251257597,0.0,181.94358314308124,225.3060656146598,166.7133955271921,151.55681098040887
14.7,260728361790.4983,289.0658689315931,0.0,182.2210423459118,224.39823597244782,165.92872254190058,151.07027286385411
14.8,261865833705.12057,288.5455358231885,0.0,182.49556042594864,223.50368379136364,165.15771787977923,150.58826279977174
14.9,263004414766.37448,288.03542806996484,0.0,182.7671753385684,222.62202820522697,164.39994696961253,150.11070874057404
15.0,264144081934.2152,287.5352594006599,0.0,183.03592438000197,221.752961163911,163.65507389264135,149.63753731653406
